{"cameraMode":{"drawMode":0,"name":"Shaded","section":"Shading Mode"},"sceneLighting":true,"audioPlay":false,"sceneViewState":{"m_AlwaysRefresh":false,"showFog":true,"showSkybox":true,"showFlares":true,"showImageEffects":true,"showParticleSystems":true,"showVisualEffectGraphs":true,"m_FxEnabled":true},"in2DMode":false,"pivot":{"x":64.58268737792969,"y":8.089760780334473,"z":-2.704691171646118},"rotation":{"x":0.03598727658390999,"y":-0.9633867740631104,"z":0.16934174299240113,"w":0.20473229885101319},"size":1.8177251815795899,"orthographic":false}